sep=;
Idprot;idBlastMatch;evalu;Score;protName;protStatus;grauRev;host;protLocal;funcaoMolec;processBiol;funcoes ;geneNameSwiss;domianTex;sequence
19832876;NoResult;;;;;;;;;;;;;
19832799;NoResult;;;;;;;;;;;;;
19832748;NoResult;;;;;;;;;;;;;
19832950;NoResult;;;;;;;;;;;;;
19832723;NoResult;;;;;;;;;;;;;
19832725;NoResult;;;;;;;;;;;;;
19832875;NoResult;;;;;;;;;;;;;
19832821;NoResult;;;;;;;;;;;;;
19832882;NoResult;;;;;;;;;;;;;
19832736;NoResult;;;;;;;;;;;;;
19832734;O67039;4.35523e-44;399.0;MEMO1 family protein aq_890;Reviewed;1;Aquifex aeolicus (strain VF5)();-;ferrous iron binding|oxidoreductase activity;cellular aromatic compound metabolic process;-;-;-;MRVREPAVAGTFYPKDKEELNKLMDLLCGFEPKEKIKPKAILVPHAGYIYSGKTACEVYKRIEIPEKVVLLGPNHTGLGKPISVYSGDAWETPYGVVEIDGELREKILKYPYANPDEYAHLYEHSLEVQLPFLQRYARREFKILPIVVTFVEYEVAKDFGRFLGEVLKEEDALIVISSDMSHYVPAEEARKKDEILISAMERLNTEELYFKAVQYNITMCGVVPAVVGIESAKVLGATKGIVVDYSNSGDTTGDYSQVVAYLGMIFL
19832886;NoResult;;;;;;;;;;;;;
19832774;Q9HY42;1.82291e-78;613.0;Uncharacterized isomerase PA3578;Reviewed;2;Pseudomonas aeruginosa (strain ATCC 15692 / DSM 22644 / CIP 104116 / JCM 14847 / LMG 12228 / 1C / PRS 101 / PAO1)();-;isomerase activity;biosynthetic process;-;-;-;MQLEFHQVDAFSSRPFSGNPAVVYRLDAWLADELMQMIATEHNLSETAFVVREGEAWRIRWFTPSVEVALCGHATLAAAHVLFEVYDEPGERLEFISRSGALRVNREDERLVLDFPAQYPSEVGSTVELEQALGLPPVDVLGSTDKLLVLLESEEAVRACRPDFAALARLPWRGVIVTARGLQKDFVSRFFAPAMGVDEDPVTGSAHCSLIPYWAQRLNKLSLTAQQCSARGGELWCRLEGERVSIAGHAVLVASGRIRLS
19832724;P73771;7.14487e-47;417.0;Uncharacterized transporter sll1164;Reviewed;2;Synechocystis sp. (strain PCC 6803 / Kazusa)();plasma membrane;-;transport;-;-;EamA|EamA|;MKHVFSGFQTFLKQVHSPIYLALAVVIFSAANPVTSRIIELGKTYEINGRNPISFCNVLFVGNLCALGLMILIFHPDWQLHKLRKLTRKDWFLLTVTAILSRAIAPGLMFSALEKTNVTNVVLIGRLEPVFTLILSILLLKISVNWLSMVATLISFVGVAVTVFWGVADPLDMVINFDFGLGESFVAIAAFISAITTILSKQQLQSIPVGIFTVYRSLLGTFVFFWIAVIIYGFDHFMDVSSPILWRWMLIYGAIIVVVGQVAWLAGLKNASFIQINLASLVTPILAIIFAYLILLETPTNAQYLGGILLLLGAILSFIDNLKTAKDKQASKPLNSREAMDTNVGFRGV
19832891;Q5ZRC3;3.63744e-07;131.0;UPF0422 protein lpg2959;Reviewed;1;Legionella pneumophila subsp. pneumophila (strain Philadelphia 1 / ATCC 33152 / DSM 7513)();-;-;-;-;-;-;MKFKKIILALACLSSPLYADQDQQLKSEIQRLQHQAEDLQAQLNRLQKQLANHKSSQQKHEQQAAAKPAEPQSKPTVKSGAAIEEKYHSSKVEVHAPDAHPESISFYPTALIADNRVVTYIAGTPVVSSPFLGDRPAFDGSDYIVNISSINRDVRLMQQRRRLYRAYQKIGYPIPNMPIISLSGKAEPAATFNNPFRSTNTDGDITLGSSELDVAAALNENVEAYIAIAYDESPPAIGPRVNNSAFNLNMGFVNIGNLDKSPLYFTAGQVYVPFGRYSSAMVSSPVTMNLARTKTRPVIFGYKSQADTGPFGAVYGYRSDTTLGRSGVGGVNLGYIFGFDNDINGEVGGGFISSIADAGGMQSTGANVGTTFGGFGSITNGNENVRKTKAADVHGHVGYDRYNLTLEWVGAIQSFRPQDLSFNGQGARPQAAQAELGMTFMAFNRPASIGVGYQWTKEALALNLPKRRYVGVFNISIWKDTVESIEYRHDIDYGLTQFANGAAPQGFVNLPTLGTGKSADTVSAQIGVYF
19832792;NoResult;;;;;;;;;;;;;
19832894;NoResult;;;;;;;;;;;;;
19832795;O34915;5.63174e-48;403.0;Putative SOS response-associated peptidase YobE;Reviewed;1;Bacillus subtilis (strain 168)();-;peptidase activity;-;-;yobE;-;MCGKFTLFSEFDDIIEQFNIDQFLPEGEYHPSYNVAPSQNILTIINDGSNNRLGKLRWGLIPPCAKDEKIGYKMINARAETLAEKPSFRKPLGSKRCIIPADSFYEWKRLDPKTKIPMRIKLKSSNLFAFAGLYEKWNTLEGNLLYTCTIITIKPSELMEDIHDRMPVILTDENKKEWLNPKNTDPDYLQSLLLPYDADDMEAYQVSSLVNSPELIESH
19832897;P33644;1.66327e-68;543.0;Laccase domain protein YfiH;Reviewed;2;Escherichia coli (strain K12)();cytosol;copper ion binding;-;-;yfiH;-;MSKLIVPQWPQPKGVAACSSTRIGGVSLPPYDSLNLGAHCGDNPDHVEENRKRLFAAGNLPSKPVWLEQVHGKDVLKLTGEPYASKRADASYSNTPGTVCAVMTADCLPVLFCNRAGTEVAAAHAGWRGLCAGVLEETVSCFADNPENILAWLGPAIGPRAFEVGGEVREAFMAVDAKASAAFIQHGDKYLADIYQLARQRLANVGVEQIFGGDRCTYTENETFFSYRRDKTTGRMASFIWLI
19832755;A0KKF0;5.90799e-72;594.0;Ribosomal RNA large subunit methyltransferase I|23S rRNA m5C1962 methyltransferase|rRNA (cytosine-C(5)-)-methyltransferase RlmI;Reviewed;2;Aeromonas hydrophila subsp. hydrophila (strain ATCC 7966 / DSM 30187 / JCM 1027 / KCTC 2358 / NCIMB 9240)();cytoplasm;RNA binding|rRNA (cytosine) methyltransferase activity;-;Specifically methylates the cytosine at position 1962 (m5C1962) of 23S rRNA.;rlmI;PUA|;MSASIYLVKGREKSLLRRHPWIFSKGIERVQGNPIDGDTVEIYTQDGKWLARGAWSGSSQIRARVWTFDKEETVDLDFFIRRLKYAQESRDGLIKRQGLTGYRLCAAESDGLPGLTIDRYADFLVCQILSAGAEFQRDLITQALRTLYPECSIYERSDVAVRKKEGLKERTGVIYGETPTEPVVIEENGGVKILVDIRNGHKTGFYLDQRDNRQAAAKYTEGKRVLNCFCYTGGFGVYALKGGAKEVVNVDLSQNALDIARQNAELNGLDTSNTQFVRHDVFKLLREYREKGDKFDVIVLDPPKFAESKAQLLGACRGYKDINMLAFQLLAPGGVLLTYSCSGLMEQSLFQKIVADAALDAGRDAQILELLSQASDHPIGTAYPEGFYLKGLVVRAR
19832831;P37556;1.22887e-05;116.0;Uncharacterized protein YabN;Reviewed;2;Bacillus subtilis (strain 168)();-;methyltransferase activity|nucleoside-triphosphate diphosphatase activity;dATP catabolic process|dGTP catabolic process|dTTP catabolic process|dUTP catabolic process|TTP catabolic process|UTP catabolic process;-;yabN;-;MAGKITVVGLGAGDMDQLTIGIHKLLTKADTLYVRTKDHPLIEELEKETKNIRFFDDIYEKHDQFEAVYEEIADILFEAARREDVVYAVPGHPFVAEKTVQLLTERQEKENVQVKVAGGQSFLDATFNVLQIDPIEGFQFVDAGTLSADELELRHHLIICQVYDQMTASEVKLTLMEKLPDDYEVVIVTAAGSRGEEIRTVPLFELDRNVALNNLTSVYIPPIKEEKLLYHEFSTFRSIIRELRGPNGCPWDKKQTHQSLKQYMIEECYELLEAIDEEDTDHMIEELGDVLLQVLLHAQIGEDEGYFTIDDVIKGISEKMVRRHPHVFKDVKVQDENDVLANWEDIKKAEKNTSESSLLDSVPKTLPALSKAAKLQKKAAKVGFDWEDVSDIWEKVSEEMKEFSSEVSEAPHEHNLKAEFGDILFALVNVARFYKIEPEEALTMTNDKFRRRFSYIEETAKEEGVELADMSLEDMDKLWNEAKETERRS
19832877;NoResult;;;;;;;;;;;;;
19832833;NoResult;;;;;;;;;;;;;
19832881;NoResult;;;;;;;;;;;;;
19832865;NoResult;;;;;;;;;;;;;
19832933;NoResult;;;;;;;;;;;;;
19832893;NoResult;;;;;;;;;;;;;
19832883;NoResult;;;;;;;;;;;;;
19832873;P40709;9.05267e-54;499.0;Inner membrane protein YejM;Reviewed;2;Salmonella typhimurium (strain LT2 / SGSC1412 / ATCC 700720)();plasma membrane;sulfuric ester hydrolase activity;metabolic process;-;yejM;-;MVTHRQRYREKVSQMVSWGHWFALFNILLATLLGSRYLFVADWPTTLAGRIYSYLSIVGHFSFLVFATYLLILFPLTFIVMSQRLMRFLSAILATAGMTLLLIDSEVFTRFHLHLNPIVWELVINPDQNEMARDWQLMFISVPVILLIEMLFATWSWQKLRSLTRRRHFARPLAAFFFVSFIASHLIYIWADANFYRPITMQRANLPLSYPMTARRFLEKHGLLDAQEYQRRLVEQGNPEAVSVQYPLSNLHYRDMGTGQNVLLITVDGLNYSRFEKQMPELATFAEQNIDFTRHMSSGNTTDNGIFGLFYGISPGYMDGVLSTRTPAALITALNQQGYQLGLFSSDGFASPLYRQALLSDFSMPAAQTQSDAQTASQWIDWLGRYAQEDNRWFSWISFNGTNIDDSNQKNFVKRYASAASDVDAQINRVLNALREAGKFDNTVVIITAGRGIPLTPEENRFDWSQGHLQVPLVIHWPGTPAQRINVLTDHTDVMTTLMQRLLHVSTPANEYSQGQDIFTVPRRHNWVTAADGSTLAITTPQMTLVLNNNGHYQTYDLHGEKIKDQKPQLSLLLQVLTEEKRFIAN
19832874;NoResult;;;;;;;;;;;;;
19832854;NoResult;;;;;;;;;;;;;
19832846;NoResult;;;;;;;;;;;;;
19832828;NoResult;;;;;;;;;;;;;
19832830;NoResult;;;;;;;;;;;;;
19832863;NoResult;;;;;;;;;;;;;
19832808;NoResult;;;;;;;;;;;;;
19832778;NoResult;;;;;;;;;;;;;
19832920;NoResult;;;;;;;;;;;;;
19832805;NoResult;;;;;;;;;;;;;
19832772;A9VT57;7.03254e-05;104.0;Proline--tRNA ligase|Prolyl-tRNA synthetase;Reviewed;2;Bacillus weihenstephanensis (strain KBAB4)();cytoplasm;aminoacyl-tRNA editing activity|ATP binding|proline-tRNA ligase activity;prolyl-tRNA aminoacylation;Catalyzes the attachment of proline to tRNA(Pro) in a two-step reaction: proline is first activated by ATP to form Pro-AMP and then transferred to the acceptor end of tRNA(Pro). As ProRS can inadvertently accommodate and process non-cognate amino acids such as alanine and cysteine, to avoid such errors it has two additional distinct editing activities against alanine. One activity is designated as 'pretransfer' editing and involves the tRNA(Pro)-independent hydrolysis of activated Ala-AMP. The other activity is designated 'posttransfer' editing and involves deacylation of mischarged Ala-tRNA(Pro). The misacylated Cys-tRNA(Pro) is not edited by ProRS.;proS;-;MKQSMVFSPTLREVPADAEIKSHQLLLRAGFMRQNASGIYSFLPFGLKVLHKVERIVREEMERAGAVELLMPAMQASELWQESGRWYSYGSELMRMKDRNAREFALGATHEEVITDLVRDEIKSYKKLPLTLYQIQTKFRDEQRPRFGLLRGREFLMKDAYSFHATQESLDEVYSGLYKAYSNIFARCGLNFRAVIADSGAMGGKDTHEFMVLSDVGEDTIAYSDTSDYAANIEMAPVVATYTKSDEAEKALEKVATPDQKAIEEVSAFLNIAAEKCIKSMVFKVDAKLVVVLVRGDHEVNDVKVKNVYGASVVELASHEEIKELLNCEVGSLGPIGVTGDIEIIADHAVASIVNGCSGANEEGFHYVNVNPERDFKVSQYTDLRFIQEGDQSPDGNGTILFARGIEVGHVFKLGTRYSEAMNATFLDENGKTKPLIMGCYGIGVSRTVAAIAEQFNDENGLVWPKSVAPFHVHVIPVNMKSDAQREMGENIYNSLQEQGYEVLLDDRAERAGVKFADADLFGLPVRVTVGKKADEGIVEVKVRATGESEEVKVEELQTYIANILK
19832855;NoResult;;;;;;;;;;;;;
19832838;NoResult;;;;;;;;;;;;;
19832879;NoResult;;;;;;;;;;;;;
19832732;Q5WXC3;1.48432e-115;836.0;UPF0234 protein lpl1175;Reviewed;1;Legionella pneumophila (strain Lens)();-;-;-;-;-;-;MPSFDIVSKMNEVDLRNAVDNAVREVSTRFDFRGVEATIELKDLTVTLRSESDFQVRQLEDLFRNHCSKRNLSTSGVDIEDEPVHSGKFYTLTMTFKQGIDQPTAKEIVKYIKETKAKVQTSIQGDKVRVTGKKRDDLQETIALLKKSNIELPLQYENFRD
19832826;NoResult;;;;;;;;;;;;;
19832844;NoResult;;;;;;;;;;;;;
19832727;NoResult;;;;;;;;;;;;;
19832832;P39651;5.08988e-30;294.0;Uncharacterized protein YwfO;Reviewed;1;Bacillus subtilis (strain 168)();-;dGTPase activity;dGTP catabolic process;-;ywfO;HD>|;MAYPNGKLSEEKVFKDPVHRYVHVRDKLIWDLIGTREFQRLRRIKQLGTTYLTFHGAEHSRFNHSLGVYEIVRRMVDDVFKGRPEWDDSERELCLAAALLHDLGHGPFSHSFEKVFHLDHEDFTRGIILGDTEVNQVLRKVSPGFPQDVAEVIAKTYKNKQVVSLISSQIDADRMDYLQRDAYYTGVSYGHFDMERILRVMRPREDQIVIKESGMHAVEDYIMSRYQMYWQVYFHPVTRSAEVILTKILHRAKQLHDEGYVFTHAPVHFYSIFEGKLTLEDYVKLDESIILYYFQAWEDEEDAILSDLCRRFINRQLFQYVEFNPNEEMSAYFELTSLFKEAGIDPSYYLVVDSSSDLPYDFYRPGEEEERLPIHLLTQNGQIKELSRQSAIVESISGKRRTDHKLYYPKDLICDGTKHPEAKMKIRQLLGLT
19832793;P45423;4.18337e-40;373.0;Uncharacterized protein YhcG;Reviewed;1;Escherichia coli (strain K12)();-;-;-;-;yhcG;-;MESLSEGTTAGYQQIHDGIIHLVDSARTETVRSVNALMTATYQEIGRRIVEFEQGGEARAAYGAQLIKRLSKDLCLRYKRGFSAKNLRQMRLFYLFFQHVEIHQTMSGELTPLGIPQTPSAEFPSAKIWQTLSAKSFPLPRSTYVRLLSVKNADARSFYEKETLRCGWSVRQLERQIATQFYERTLLSHDKSAMLQQHAPAETHILPQQAIRDPFVLEFLELKDEYSESDFEEALINHLMDFMLELGDDFAFVGRQRRLRIDDNWFRVDLLFFHRRLRCLLIVDLKVGKFSYSDAGQMNMYLNYAKEHWTLPDENPPIGLVLCAEKGAGEAHYALAGLPNTVLASEYKMQLPDEKRLADELVRTQAVLEEGYRRR
19832835;NoResult;;;;;;;;;;;;;
19832930;NoResult;;;;;;;;;;;;;
19832848;P45682;2.94452e-43;380.0;Lipoprotein NlpD/LppB homolog;Reviewed;2;Pseudomonas aeruginosa (strain ATCC 15692 / DSM 22644 / CIP 104116 / JCM 14847 / LMG 12228 / 1C / PRS 101 / PAO1)();plasma membrane;-;-;-;-;LysM|;MDKGEGLRLAATLRQWTRLYGGCHLLLGAVVCSLLAACSSSPPGGVKVVDRNGSAPAAARRTPVTSGQYIVRRGDTLYSIAFRFGWDWKALAARNGIAPPYTIQVGQAIQFGGRASTQPSVAKNTPVVAAPVATKPTPVPPAVSTSVPAKPAPAPASTTTPPSSGATPVVAGPAVGGWAWPASGTLIGRFASNGSLNKGIDIAGQLGQPVLAASGGTVVYAGSGLRGYGELVIIKHNETYVSAYGHNRRLLVREGQQVKVGQSIAEMGSTGTDRVKLHFEIRRQGKPVDPLQYLPRR
19832754;NoResult;;;;;;;;;;;;;
19832892;NoResult;;;;;;;;;;;;;
19832908;NoResult;;;;;;;;;;;;;
19832890;Q47318;3.14239e-21;251.0;Aerobactin synthase;Reviewed;4;Escherichia coli();-;aerobactin synthase activity|ATP binding|siderophore transmembrane transporter activity|transferase activity;aerobactin biosynthetic process|iron ion homeostasis|siderophore biosynthetic process;Catalyzes the attachment of the second N-acetyl-N-hydroxylysine to the carboxylic group of N-citryl-N-acetyl-N-hydroxylysine to yield aerobactin. Involved in the biosynthesis of the siderophore aerobactin which is a chelator that mediates the high-affinity iron transport systems induced under iron-stressed conditions.;iucC;-;MNHKDWDLVNRRLVAKMLSELEYEQVFHAESQGDDRYCINLPGAQWRFIAERGIWGWLWIDAQTLRCADEPVLAQTLLMQLKQVLSMSDATVAEHMQDLYATLLGDLQLLKARRGLSASDLINLNADRLQCLLSGHPKFVFNKGRRGWGKEALERYAPEYANTFRLHWLAVKREHMIWRCDNEMDIHQLLTAAMDPQEFARFSQVWQENGLDHNWLPLPVHPWQWQEKIATDFIADFGEGRMVSLGEFGDQWLAQQSLRTLTNASRRGGLDIKLPLTIYNTSCYRGIPGRYIAAGPLASRWLQQVFATDATLVQSGAVILGEPAAGYVSHEGYAALARAPYRYQEMLGVIWRENPCRWLKPDESPFLMATLMEWDENNQPLAGAYIDRSGLDAETWLTQLFRVVVVPLYHLLCRYGVALIAHGQNITLAMKEGVPQRVLLKDFQGDMRLVKEEFPEMDSLPQEVRDVTSRLSADYLIHDLQTGHFVTVLRFISPLMVRLGVPERRFYQLLAAVLSDYMKKHPQMSERFALFSLFRPQIIRVVLNPVKLTWPDLDGGSRMLPNYLEDLQNPLWLVTQEYES
19832798;NoResult;;;;;;;;;;;;;
19832777;O31443;1.05877e-10;156.0;Putative HTH-type DNA-binding domain-containing acetyltransferase YbfA;Reviewed;2;Bacillus subtilis (strain 168)();-;DNA binding|N-acetyltransferase activity|transcription factor activity, sequence-specific DNA binding;transcription, DNA-templated;Putative DNA-binding acetyltransferase.;ybfA;HTH|N-acetyltransferase|;MKTRESSVGLKFRKFNRFYTNVLGFLNEHIYDSPFSLTETRILFEIYNTPNCTAKALQDKLGLDRGYVSRIVKQFEKEDLIYKQRSKDDARHHYIFVTETGKTIYKKLEEKANEQVELMLKVINQKEQHKLAEAMAEIEAILSQSLSARASEISIRDYFLSEDLQLLIEKQRQFYAEAHGWDDTFLAYLQETFDADIEKIWIAESGGKFAGSVGLVKHDEKTVQLRWFLVDADFRGRGLGTQLLEHLVAYCQDMKFDRIFLWTVSTMAEARPLYKKFGFRISEVKQEAPLWGQQLTEERWDLELS
19832931;Q5ZVS4;0.0;1338.0;UPF0246 protein lpg1366;Reviewed;1;Legionella pneumophila subsp. pneumophila (strain Philadelphia 1 / ATCC 33152 / DSM 7513)();-;-;-;-;-;-;MLTLLSPAKKLLSISKHYSKETSNPLLLDKALQLVKIMKLKSVEQIADLMDLSKQLAELNYERYQNFDLKNNPMNHSYPALFLFQGDVYQGLNANSWKDEEIEYAQSHLGILSGLYGFLRPLDRIQPYRLEMGVNLENPAGKNLYAFWSKIVTNILNQILAEQSNPVLINLASTEYFKVVDEKKLSYPLVTINFYEQKNSELKMIGILAKKARGMMAKYIMQNRIDSIEQIKEFSESGYLFNKEISSPNSLNFIRIH
19832749;NoResult;;;;;;;;;;;;;
19832946;Q9I6C8;4.02113e-144;1088.0;Probable coniferyl aldehyde dehydrogenase;Reviewed;2;Pseudomonas aeruginosa (strain ATCC 15692 / DSM 22644 / CIP 104116 / JCM 14847 / LMG 12228 / 1C / PRS 101 / PAO1)();-;3-chloroallyl aldehyde dehydrogenase activity|aldehyde dehydrogenase (NAD) activity|coniferyl-aldehyde dehydrogenase activity;cellular aldehyde metabolic process;-;calB;-;MVADIAYLQQSQQEINQLEALFARQRAAYLAQPMPDATQRVQWLKALRDLLFKEQQALIEAIDRDFSARSADETLLAEIMPSLHGIHYAAKRVKKWMKPARRAVGLQFQPASAQVVYQPLGVVGVIVPWNYPLFLSIGPLTGALAAGNRVMIKMSESTPATGRLLKDLLARIFPEDQVAVVLGEVDVGVAFSKLPFDHLLFTGATSVGKHVMRAAAENLTPVTLELGGKSPAIVSDSVPMKDAAERIAFGKSLNAGQTCVAPDYVLVPSRRVEEFVSQYKEVVQGFFPRLSDNPDYTAIINERQLGRLRGYLDDAREKGATLVPLFAEGQQRRLPQTLLLNVSDDMKVMQEEIFGPLLPVIPYERLEDALAYVNQRPRPLALYYFGYDKAQQQRVLHETHSGGVCLNDTLLHVAQDDIPFGGVGPSGMGHYHGHEGFLTFSKAKGVFSKPRFNAARMIYPPYGKSIQKLVYKLFVR
19832827;NoResult;;;;;;;;;;;;;
19832834;O31981;2.628e-05;118.0;SPBc2 prophage-derived uncharacterized protein YomD;Reviewed;1;Bacillus subtilis (strain 168)();-;-;-;-;yomD;-;MARKISDYHLKKREETQKKFIDLLAQNNYIHISGDMVNSKTKVKVRCRHNHTWQVNYEHFKKGTRCPECRIIEGSLKKRLNISTVKSRYALKGYEILSTYKNCHSKLKAKCPEGHIWEHLPSNFFKGEECFQCKGAKKYTVECAQAAFSDRGFIPLFDTYHHNKENLPFLCKEHIDLGVQYAPLHNMVRGLANCRKCYLLLFTGENSSRWKGGISSLNKTLREAVYEVWTKPSLEKYSFKCAITNSTKDLHVHHYKKNFSEIVKEALSNLSFEL
19832919;NoResult;;;;;;;;;;;;;
19832851;Q5ZW02;0.0;1304.0;Probable transcriptional regulatory protein lpg1286;Reviewed;2;Legionella pneumophila subsp. pneumophila (strain Philadelphia 1 / ATCC 33152 / DSM 7513)();cytoplasm;DNA binding;regulation of transcription, DNA-templated|transcription, DNA-templated;-;-;-;MAGHSKWANIKFRKGVQDAKRGKIFTKLIREITVAARMGGGDESSNPRLRDAVKKALNANMKRDTIDNAVKRGVGGVDGEAMIAMRYEGYGPGGVAILVDCLSDNKNRTVSEVRHAFSKHGGNLGTDGSVSYLFTNQGEILMASNQPEDKVMEIAIDAGASDVAVEDGQIEIITPVEAYHTVLNALQDAGLEVEQSHLTMRAQTLVPINDETAESLIKLIDMLEDLDDVQEVYSNAEFSEKILESMN
19832775;Q9HX72;1.95835e-50;414.0;Acetyltransferase PA3944|GCN5-related N-acetyltransferase;Reviewed;2;Pseudomonas aeruginosa (strain ATCC 15692 / DSM 22644 / CIP 104116 / JCM 14847 / LMG 12228 / 1C / PRS 101 / PAO1)();-;N-acetyltransferase activity|transferase activity, transferring acyl groups other than amino-acyl groups;N-terminal protein amino acid acetylation;Catalyzes the transfer of an acetyl group from acetyl coenzyme A (AcCoA) to an acceptor substrate and releases both CoA and the acetylated product. It prefers the peptide Asp-Phe methyl ester (or aspartame) and the peptide antibiotics polymyxin B and colistin. Other substrates like dopamine, serotonin, puromycin, chloramphenicol, D-glucosamine, glycine and N-alpha-acetyl-L-glutamine are used and displayed lower activity.;-;N-acetyltransferase|;MNANLPPSAISELHGPRLLLRAWRDSDREAFAEMCADPQVMEFFPSVLDRAQSDALVDRVQAHFAERGYGPWALELPGEAAFIGFTGLFDVTMDVHFAPTVEIGWRLAPAYWGRGLAREAAETALDFAFERLRLPEVVAFTTPPNRRSWGLMERLGMRRDPAEDFDHPLLAADHPMRRHILYRVDAARWAER
19832731;NoResult;;;;;;;;;;;;;
19832904;NoResult;;;;;;;;;;;;;
19832843;NoResult;;;;;;;;;;;;;
19832803;NoResult;;;;;;;;;;;;;
19832839;NoResult;;;;;;;;;;;;;
