sep=;
geneID;GeneName;GeneAccessNumber;locusTag;strand;DNA_SEQ;AccessNumberNCBI;idSwiss;protName;PROT_SEQ;Tamanho;protStatus;grauRev;protLocal;EC;(GO)funcaoMolec;(GO)processBiol;funcoes;
19832721;-;NC_002942;lpg1156;(-);ATGCTTG...CAAATAA;YP_095189.1;Q5ZWC9;aminopeptidase;MLEYLTW...SIELGSK;398;Unreviewed;---;--;-;aminopeptidase activity;-;Protein fate / hydrolases / secretion
19832722;-;NC_002942;lpg1157;(+);ATGGGTT...TGAATAG;YP_095190.1;Q5ZWC8;lipase B;MGYSIIN...LEKGKFE;254;Unreviewed;---;integral component of membrane;-;hydrolase activity, acting on ester bonds;-;Protein fate / hydrolases / secretion, Signal transduction / other regulatory functions
19832723;-;NC_002942;lpg1158;(+);TTGATTA...CAGCTAA;YP_095191.1;Q5ZWC7;hypothetical protein;MIIYLSI...KPSSTGS;256;Unreviewed;---;--;-;-;-;Unknown
19832724;-;NC_002942;lpg1159;(+);ATGCTGT...TGTTTAG;YP_095192.1;Q5ZWC6;permeases of drug/transporter;MLFRHKG...PSGFSGV;345;Unreviewed;---;integral component of membrane;-;-;-;Unknown
19832725;-;NC_002942;lpg1160;(-);ATGAATG...ATACTAA;YP_095193.1;Q5ZWC5;hypothetical protein;MNVHSMC...QLRCYRY;81;Unreviewed;---;--;-;-;-;Unknown
19832726;-;NC_002942;lpg1161;(+);TTGAGTA...AGTCTAA;YP_095194.1;Q5ZWC4;phosphoribosyltransferase;MSRKMDR...KVYDRKV;220;Unreviewed;---;--;-;transferase activity, transferring glycosyl groups;nucleoside metabolic process;Nucleotide Metabolism
19832727;-;NC_002942;lpg1162;(-);ATGAAAA...CGCTTAG;YP_095195.1;Q5ZWC3;OmpA-like transmembrane domain-containing protein;MKKFILF...FGVQYTA;243;Unreviewed;---;integral component of membrane;-;-;-;Unknown
19832728;-;NC_002942;lpg1163;(+);ATGAATA...AATTTAA;YP_095196.1;Q5ZWC2;MFS transporter;MNTSNTS...PEHLVAI;428;Unreviewed;---;integral component of membrane;-;-;transmembrane transport;Transport and binding
19832729;argE;NC_002942;lpg1164;(+);ATGACAA...TTTTTGA;YP_095197.1;Q5ZWC1;acetylornithine deacetylase;MTTLDWL...NMLRSHF;384;Unreviewed;---;cytoplasm;3.5.1.16;acetylornithine deacetylase activity_metal ion binding_metallopeptidase activity;arginine biosynthetic process;Amino Acid Metabolism
19832730;udk;NC_002942;lpg1165;(+);TTGGAGT...TAGTTAA;YP_095198.1;Q5ZWC0;uridine kinase;MEYWIWL...FLYKTYS;265;Unreviewed;---;integral component of membrane;2.7.1.48;ATP binding_uridine kinase activity;-;Nucleotide Metabolism
19832731;-;NC_002942;lpg1166;(-);TTGCTTT...CTTTTAA;YP_095199.1;Q5ZWB9;hypothetical protein;MLSQGVR...KKELLNF;670;Unreviewed;---;integral component of membrane;-;-;-;Unknown
19832732;-;NC_002942;lpg1167;(+);ATGCCTT...TGATTAA;YP_095200.2;Q5ZWB8;nucleotide-binding protein;MPSFDIV...QYENFRD;161;Reviewed;---;--;-;-;-;Unknown
19832733;-;NC_002942;lpg1168;(-);ATGGATA...ACTTTAA;YP_095201.1;Q5ZWB7;sensory box protein;MDNSFVF...LINNNRL;755;Unreviewed;---;integral component of membrane;-;-;-;Signal transduction / other regulatory functions
19832734;-;NC_002942;lpg1169;(-);TTGTTCC...AAAATAA;YP_095202.1;Q5ZWB6;hypothetical protein;MFRSVVV...YATEIIK;453;Unreviewed;---;--;-;-;-;Unknown
19832735;-;NC_002942;lpg1170;(+);TTGATTG...CTCTTAA;YP_095203.1;Q5ZWB5;pyruvate formate lyase-activating enzyme PflA;MIVGYLM...MVKLGCS;364;Unreviewed;---;--;1.97.1.4;[formate-C-acetyltransferase]-activating enzyme activity_iron-sulfur cluster binding_lyase activity_metal ion binding;-;Chemotaxis / motility / cell division
19832736;-;NC_002942;lpg1171;(+);ATGAGAT...TTTCTAA;YP_095204.1;Q5ZWB4;hypothetical protein;MRFQDSD...DEMKITF;139;Unreviewed;---;--;-;-;-;Unknown
19832737;-;NC_002942;lpg1172;(+);TTGCAGG...TCAGTGA;YP_095205.1;Q5ZWB3;hypothetical protein;MQGGMMK...NKLWKYQ;495;Unreviewed;---;--;-;-;-;Toxin production / other pathogen functions
19832738;pilS;NC_002942;lpg1173;(+);ATGTCTG...AATATGA;YP_095206.1;Q5ZWB2;sensor protein PilS;MSAARQI...PSDELLI;528;Unreviewed;---;intracellular;-;ATP binding_phosphorelay sensor kinase activity;-;Protein fate / hydrolases / secretion, Signal transduction / other regulatory functions, Transcription factors / DNA binding proteins
19832739;pilR;NC_002942;lpg1174;(+);ATGATCA...TGATTAG;YP_095207.1;Q5ZWB1;two component response regulator PilR;MIKSKVL...LKKLGLD;442;Unreviewed;---;intracellular;-;ATP binding_sequence-specific DNA binding;phosphorelay signal transduction system_regulation of transcription, DNA-templated_transcription, DNA-templated;Protein fate / hydrolases / secretion, Signal transduction / other regulatory functions
